{"accessibilityPrompt":true,"alwaysOnTop":false,"appCopyright":"©2023 PicelBoi, all rights reserved to their rightful owners. This software is licensed under the GNU Public License version 3. You may take a look here: https://www.gnu.org/licenses/gpl-3.0.txt. To check out other information, go to https://github.com/PicelBoi/Weirderscan.","arch":"x64","asar":false,"blockExternalUrls":false,"bounce":false,"buildDate":1692047888445,"clearCache":false,"counter":false,"darwinDarkModeSupport":false,"disableContextMenu":true,"disableDevTools":false,"disableGpu":false,"disableOldBuildWarning":false,"electronVersionUsed":"21.4.4","enableEs3Apis":false,"fastQuit":false,"fullScreen":false,"height":1080,"hideWindowFrame":false,"ignoreCertificate":false,"ignoreGpuBlacklist":false,"insecure":false,"isUpgrade":false,"maximize":false,"minHeight":360,"minWidth":640,"name":"weirderscan","nativefierVersion":"51.0.1","portable":false,"quiet":false,"showMenuBar":false,"singleInstance":false,"strictInternalUrls":false,"targetUrl":"https://weirderscan.picelboi.cf/","tray":"false","userAgentHonest":false,"width":1920,"widevine":false,"win32metadata":{"ProductName":"weirderscan","InternalName":"weirderscan","FileDescription":"weirderscan"},"zoom":1,"oldBuildWarningText":""}